{
  "generate_features": true,
  "bonus_chest": false,
  "seed": 1992031529,
  "dimensions": {
    "minecraft:overworld": {
      "type": "minecraft:overworld",
      "generator": {
        "type": "minecraft:noise",
        "seed": 1992031529,
        "biome_source": {
          "type": "minecraft:vanilla_layered",
          "seed": 1992031529
        },
        "settings": {
          "noise_caves_enabled": true,
          "aquifers_enabled": true,
          "name": "minecraft:overworld",
          "bedrock_roof_position": -10,
          "bedrock_floor_position": 0,
          "sea_level": 63,
          "disable_mob_generation": false,
          "default_block": {
            "Name": "minecraft:stone"
          },
          "default_fluid": {
            "Name": "minecraft:water",
            "Properties": {
              "level": "0"
            }
          },
          "noise": {
            "min_y": 0,
            "height": 2032,
            "density_factor": 1,
            "density_offset": -0.46875,
            "size_horizontal": 1,
            "size_vertical": 2,
            "simplex_surface_noise": true,
            "sampling": {
              "xz_scale": 1,
              "y_scale": 1,
              "xz_factor": 80,
              "y_factor": 160
            },
            "bottom_slide": {
              "target": 1,
              "size": 1,
              "offset": 30
            },
            "top_slide": {
              "target": -10,
              "size": 3,
              "offset": 0
            },
            "random_density_offset": true
          },
          "structures": {
            "structures": {}
          }
        }
      }
    }
  }
}
